ID,Type,Epoch,Loss,Accuracy
1,Training,0,7.606307506561279,0.0
2,Training,0,7.606458817758868,0.002150537634408602
3,Training,0,7.6131742821365105,0.001092896174863388
4,Training,0,7.612040131956666,0.0007326007326007326
5,Training,0,7.613038291615888,0.0011019283746556473
6,Training,0,7.614978862914029,0.0008830022075055188
7,Training,0,7.616567595887579,0.0007366482504604051
8,Training,0,7.6167010040644785,0.000631911532385466
9,Training,0,7.61635987887244,0.0005532503457814661
10,Training,0,7.614112422914962,0.0009840098400984009
11,Training,0,7.613610863289564,0.0008859357696566998
12,Training,0,7.613458568596047,0.0008056394763343404
13,Training,0,7.6137810849747165,0.0011080332409972298
14,Training,0,7.613186906975553,0.0015345268542199487
15,Training,0,7.612280852437869,0.001583531274742676
16,Training,0,7.612324293859782,0.0017738359201773834
17,Training,0,7.610890559000186,0.0019404019404019401
18,Training,0,7.609829000297591,0.0019569471624266144
19,Training,0,7.609351568874281,0.0018484288354898334
20,Training,0,7.608205492149928,0.0018680677174547577
21,Training,0,7.607558811365467,0.0017748197448696616
22,Training,0,7.607618812524763,0.0016904384574749076
23,Training,0,7.6073046581828105,0.0017145738779626829
24,Training,0,7.60718582473512,0.001736613603473227
25,Training,0,7.60608771240827,0.0017568192325473878
26,Training,0,7.605116330513782,0.001775410563692854
27,Training,0,7.603756220789481,0.00204865556978233
28,Training,0,7.602738790241623,0.002055076037813399
29,Training,0,7.6023965613311875,0.002061038446294094
30,Training,0,7.601437499684663,0.001990049751243781
31,Training,0,7.600266242265437,0.0019237883832778392
32,Training,0,7.6000439892778076,0.0018617973505191548
33,Training,0,7.599672892091178,0.0018730489073881373
34,Training,0,7.598340347725014,0.0018163471241170533
35,Training,0,7.597578735706505,0.0017629774730656218
36,Training,0,7.596464929299396,0.0017760862670472563
37,Training,0,7.595621629074477,0.0018501387604070304
38,Training,0,7.59413330454101,0.0019201920192019203
39,Validation,0,7.627821922302246,0.0
40,Validation,0,7.48444279757413,0.006060606060606061
41,Validation,0,7.483210972377232,0.006349206349206349
42,Validation,0,7.509427039853988,0.004301075268817204
43,Validation,0,7.495527279086229,0.0065040650406504065
44,Validation,0,7.507607413273232,0.0065359477124183
45,Validation,0,7.504165141308894,0.006557377049180327
46,Validation,0,7.499450804482044,0.005633802816901408
47,Validation,0,7.500154695393126,0.0049382716049382715
48,Validation,0,7.503938381488506,0.005128205128205127
49,Validation,0,7.504009091027893,0.005940594059405941
50,Validation,0,7.505671879192731,0.006006006006006006
51,Validation,0,7.507430151474377,0.005509641873278236
52,Validation,0,7.509660171188471,0.0050890585241730275
53,Validation,0,7.511313445179175,0.004728132387706856
54,Training,1,7.526223182678223,0.0
55,Training,1,7.45640528586603,0.008602150537634409
56,Training,1,7.4486403465271,0.00546448087431694
57,Training,1,7.441336348816589,0.005128205128205127
58,Training,1,7.443020828499281,0.006060606060606061
59,Training,1,7.440169514409754,0.00662251655629139
60,Training,1,7.441144237202176,0.006261510128913444
61,Training,1,7.439619624784207,0.005687203791469194
62,Training,1,7.434764175494182,0.0060857538035961264
63,Training,1,7.429957986317877,0.005658056580565805
64,Training,1,7.425766670822701,0.005315614617940199
65,Training,1,7.424253675512677,0.005639476334340382
66,Training,1,7.42464397092275,0.005355493998153277
67,Training,1,7.42542089037883,0.005456095481670929
68,Training,1,7.422637493196972,0.0053840063341251
69,Training,1,7.417286720614212,0.0053215077605321525
70,Training,1,7.417839979183649,0.005821205821205826
71,Training,1,7.416873505437444,0.005609915198956299
72,Training,1,7.4157303388810645,0.005668515095502162
73,Training,1,7.411868157194709,0.005954465849387047
74,Training,1,7.409596079796206,0.006100942872989469
75,Training,1,7.407717621647612,0.005916534601162184
76,Training,1,7.405011729645837,0.0058497226424609255
77,Training,1,7.402507272712056,0.005885190545103722
78,Training,1,7.398899508911429,0.006102635228848827
79,Training,1,7.395896621455207,0.0064802485574789225
80,Training,1,7.393529408414599,0.006402048655569787
81,Training,1,7.390399850546652,0.0064118372379778086
82,Training,1,7.387666611552381,0.0065001981767736855
83,Training,1,7.383187740185778,0.006582472254114047
84,Training,1,7.380300285284315,0.006733259341472439
85,Training,1,7.3755174149247935,0.0067311134980307915
86,Training,1,7.371463283911952,0.0068678459937565025
87,Training,1,7.366713794280975,0.006794483686511939
88,Training,1,7.362536422419384,0.006725432582435518
89,Training,1,7.357481946954264,0.0069140501110053895
90,Training,1,7.353103899272033,0.007092198581560281
91,Training,1,7.348461436109432,0.007080708070807077
92,Validation,1,7.2606964111328125,0.0
93,Validation,1,7.093147798018022,0.024242424242424242
94,Validation,1,7.110199269794283,0.015873015873015872
95,Validation,1,7.065834752974972,0.015053763440860214
96,Validation,1,7.073198260330573,0.014634146341463414
97,Validation,1,7.084926829618566,0.01437908496732026
98,Validation,1,7.07447208342005,0.014207650273224043
99,Validation,1,7.064876811605104,0.01220657276995305
100,Validation,1,7.055909574767689,0.01316872427983539
101,Validation,1,7.054239755148416,0.013186813186813187
102,Validation,1,7.046884121281086,0.01386138613861386
103,Validation,1,7.043331816389754,0.014414414414414413
104,Validation,1,7.057581913372702,0.013774104683195591
105,Validation,1,7.059391833443678,0.01475826972010178
106,Validation,1,7.061725569109544,0.014184397163120565
107,Training,2,6.90200662612915,0.0
108,Training,2,6.974992075274067,0.017204301075268817
109,Training,2,6.974770983711618,0.017486338797814208
110,Training,2,6.973922467493749,0.014652014652014652
111,Training,2,6.974696320935714,0.014325068870523415
112,Training,2,6.975014361324689,0.012362030905077261
113,Training,2,6.973611149340044,0.012154696132596687
114,Training,2,6.971783427830556,0.012322274881516595
115,Training,2,6.961187829615169,0.01272475795297373
116,Training,2,6.95954031082097,0.013284132841328426
117,Training,2,6.95362447662607,0.013510520487264685
118,Training,2,6.948687416549175,0.013494461228600207
119,Training,2,6.941915678515659,0.014219759926131118
120,Training,2,6.936451842412924,0.013640238704177323
121,Training,2,6.93627418305132,0.014251781472684081
122,Training,2,6.931606166907266,0.013895048041389501
123,Training,2,6.928105661626169,0.013721413721413715
124,Training,2,6.921758053587374,0.01382909328114807
125,Training,2,6.918280293893021,0.013924830560690073
126,Training,2,6.911483837301384,0.014010507880910674
127,Training,2,6.9043809760628445,0.014198557958957284
128,Training,2,6.899682594365816,0.014474379292128884
129,Training,2,6.8936389549416965,0.014422592032274318
130,Training,2,6.887144003866723,0.014664737095996125
131,Training,2,6.881568267176783,0.01479426722145167
132,Training,2,6.877185602480181,0.014824678206835312
133,Training,2,6.87145142610186,0.014682031583440013
134,Training,2,6.864155217839816,0.014960953555281523
135,Training,2,6.8564662094206925,0.015219976218787134
136,Training,2,6.850010157452659,0.015308075009567521
137,Training,2,6.843842083553098,0.01546429892711799
138,Training,2,6.838942246073427,0.015753669889008205
139,Training,2,6.83249703803246,0.01567811307665623
140,Training,2,6.828133167339983,0.015607130844265021
141,Training,2,6.821348628381323,0.015866797257590565
142,Training,2,6.8170887854528015,0.01592134475103073
143,Training,2,6.809596204184251,0.01640456367560897
144,Training,2,6.800940381418361,0.016861686168616823
145,Validation,2,6.464842319488525,0.0
146,Validation,2,6.335289174860174,0.012121212121212121
147,Validation,2,6.398324012756348,0.02857142857142857
148,Validation,2,6.400688479023595,0.023655913978494623
149,Validation,2,6.411006345981505,0.01951219512195122
150,Validation,2,6.387194175346225,0.01830065359477124
151,Validation,2,6.409722164028981,0.017486338797814208
152,Validation,2,6.393305939687809,0.01784037558685446
153,Validation,2,6.384819207368074,0.020576131687242795
154,Validation,2,6.381788903540308,0.02271062271062271
155,Validation,2,6.405256370506664,0.021782178217821784
156,Validation,2,6.411579076234285,0.022822822822822834
157,Validation,2,6.404797952037212,0.02369146005509643
158,Validation,2,6.410288530451651,0.02290076335877864
159,Validation,2,6.416872007627013,0.02174940898345155
160,Training,3,6.544978618621826,0.06666666666666667
161,Training,3,6.354184304514239,0.01935483870967742
162,Training,3,6.316232415496326,0.022950819672131147
163,Training,3,6.30481575347565,0.026373626373626384
164,Training,3,6.314712879086329,0.025895316804407736
165,Training,3,6.300347255555209,0.027373068432671115
166,Training,3,6.272377572665557,0.030202578268876627
167,Training,3,6.273987858216344,0.027804107424960513
168,Training,3,6.269209650047587,0.028492392807745508
169,Training,3,6.271503305963044,0.02829028290282903
170,Training,3,6.276818356244667,0.028128460686600215
171,Training,3,6.278452013194381,0.027593152064451145
172,Training,3,6.265456474388736,0.02825484764542934
173,Training,3,6.2681237084176535,0.02779198635976127
174,Training,3,6.263987068892091,0.02897862232779094
175,Training,3,6.260974399795025,0.02956393200295635
176,Training,3,6.258203867319468,0.029660429660429616
177,Training,3,6.25242597482909,0.029876060013046265
178,Training,3,6.243563674073563,0.029821318545902597
179,Training,3,6.2376098691268895,0.029889083479276067
180,Training,3,6.233344712788967,0.029506378258458067
181,Training,3,6.229622416942131,0.02926571579503428
182,Training,3,6.223983061295595,0.02934947049924351
183,Training,3,6.2139904909644565,0.02990834539314996
184,Training,3,6.207802949765188,0.02958853444290331
185,Training,3,6.202069349200049,0.030004438526409164
186,Training,3,6.192767998625771,0.030644472897993952
187,Training,3,6.182946664925421,0.031154952733251053
188,Training,3,6.17587403650091,0.03202536662703123
189,Training,3,6.1698849696653175,0.03199387676999609
190,Training,3,6.1605538390452805,0.032260451350351375
191,Training,3,6.155406064300865,0.03293949158610804
192,Training,3,6.151215934852655,0.032813041970169876
193,Training,3,6.142869670263574,0.03309788092835513
194,Training,3,6.137548446655273,0.03336598106431601
195,Training,3,6.129411480973495,0.03368220742150335
196,Training,3,6.120459952694084,0.03385753931544871
197,Training,3,6.111997655444484,0.03462346234623471
198,Validation,3,5.796147346496582,0.0
199,Validation,3,5.792360782623291,0.05454545454545454
200,Validation,3,5.666049548557827,0.06349206349206349
201,Validation,3,5.716466611431491,0.05376344086021505
202,Validation,3,5.75122523889309,0.05203252032520325
203,Validation,3,5.751889228820801,0.04575163398692811
204,Validation,3,5.765979852832731,0.050273224043715856
205,Validation,3,5.806283426956392,0.04600938967136152
206,Validation,3,5.845466560787624,0.04115226337448562
207,Validation,3,5.838842989324213,0.04175824175824179
208,Validation,3,5.858705062677364,0.0402640264026403
209,Validation,3,5.85150164097279,0.04204204204204206
210,Validation,3,5.855076364249237,0.04517906336088156
211,Validation,3,5.841654202410283,0.04580152671755726
212,Validation,3,5.833911963388429,0.04539007092198582
213,Training,4,5.553555965423584,0.06666666666666667
214,Training,4,5.562425859512821,0.06666666666666667
215,Training,4,5.576615935466329,0.060109289617486364
216,Training,4,5.600041960621928,0.05787545787545789
217,Training,4,5.578418991782448,0.06280991735537195
218,Training,4,5.574869206409581,0.0640176600441501
219,Training,4,5.574445339856227,0.0611418047882136
220,Training,4,5.577640167344803,0.060663507109004686
221,Training,4,5.586361675341594,0.058367911479944606
222,Training,4,5.589130693696082,0.05756457564575638
223,Training,4,5.584795208864434,0.058028792912513755
224,Training,4,5.57976886801129,0.05780463242698883
225,Training,4,5.575232760727901,0.05761772853185585
226,Training,4,5.565148545043243,0.05780051150895129
227,Training,4,5.552652501720147,0.058432304038004625
228,Training,4,5.545137732097685,0.05838876570583875
229,Training,4,5.548323188155208,0.05876645876645863
230,Training,4,5.5379865435471505,0.05883887801696007
231,Training,4,5.534079783504859,0.05878003696857657
232,Training,4,5.5267578373857225,0.05872737886748388
233,Training,4,5.523029971638456,0.058569051580698854
234,Training,4,5.514151190804604,0.05863708399366094
235,Training,4,5.509836032423057,0.05960665658093811
236,Training,4,5.505619018709263,0.059430776652195066
237,Training,4,5.499724845119058,0.06047156726768401
238,Training,4,5.492979235718952,0.061162893919219107
239,Training,4,5.48932012369935,0.06137430644472931
240,Training,4,5.481392244816415,0.06181668721742741
241,Training,4,5.476514464184447,0.06238604835513318
242,Training,4,5.471019593226787,0.06322234978951441
243,Training,4,5.4653151736539956,0.06341102478727387
244,Training,4,5.461002674573987,0.06308628714643802
245,Training,4,5.45421279258212,0.064169268123483
246,Training,4,5.446341555486654,0.06458123107971801
247,Training,4,5.439823610658861,0.064968984655567
248,Training,4,5.436189568008728,0.06514430700919813
249,Training,4,5.43144228985528,0.06574159728646368
250,Training,4,5.425310354636233,0.06636663666366692
251,Validation,4,5.581975936889648,0.06666666666666667
252,Validation,4,5.34246691790494,0.0606060606060606
253,Validation,4,5.311390695117769,0.073015873015873
254,Validation,4,5.271925526280557,0.07311827956989247
255,Validation,4,5.289185686809261,0.07317073170731711
256,Validation,4,5.214570999145508,0.07320261437908501
257,Validation,4,5.2389961774231955,0.07213114754098364
258,Validation,4,5.226914802067716,0.0741784037558686
259,Validation,4,5.202176712177418,0.07325102880658442
260,Validation,4,5.214426386487353,0.07179487179487186
261,Validation,4,5.227409471379648,0.07062706270627069
262,Validation,4,5.246959776491733,0.06906906906906912
263,Validation,4,5.253066803798203,0.06776859504132235
264,Validation,4,5.2386068715394,0.06819338422391859
265,Validation,4,5.240431941147392,0.06808510638297872
266,Training,5,4.607075214385986,0.13333333333333333
267,Training,5,4.815024314388152,0.12258064516129034
268,Training,5,4.782431016202833,0.11803278688524596
269,Training,5,4.810672026414138,0.11208791208791204
270,Training,5,4.802197562761544,0.10909090909090902
271,Training,5,4.824353950702592,0.1094922737306842
272,Training,5,4.846085374526556,0.10755064456721898
273,Training,5,4.850598296847954,0.10647709320695084
274,Training,5,4.847470602059265,0.11009681881051153
275,Training,5,4.84964284157841,0.11020910209102067
276,Training,5,4.842552986651956,0.1096345514950164
277,Training,5,4.835651448846224,0.11017119838872103
278,Training,5,4.836372649570581,0.11024930747922444
279,Training,5,4.827287327603001,0.11031543052003431
280,Training,5,4.830273077776766,0.10878859857482216
281,Training,5,4.829134276066545,0.10864745011086514
282,Training,5,4.825178767935897,0.1086625086625091
283,Training,5,4.821051590130054,0.1094585779517291
284,Training,5,4.814443375839543,0.11053604436229256
285,Training,5,4.813997293311952,0.11079976649153586
286,Training,5,4.8064319294026605,0.11148086522462616
287,Training,5,4.805031348332739,0.11167459059693664
288,Training,5,4.800823744414614,0.1107413010590021
289,Training,5,4.796332926895097,0.11172214182344488
290,Training,5,4.791400595610747,0.111881645862229
291,Training,5,4.788729213366654,0.1119396360408351
292,Training,5,4.787342738555733,0.11139564660691485
293,Training,5,4.783396794675458,0.11163173037402446
294,Training,5,4.776507014185013,0.11200951248513737
295,Training,5,4.7728869342913445,0.11259089169536995
296,Training,5,4.763478505360035,0.11357750647428852
297,Training,5,4.759803284123684,0.11378446115288295
298,Training,5,4.757007990617782,0.11349288935137088
299,Training,5,4.753628563568161,0.11368987554658672
300,Training,5,4.745908036871825,0.11387528566764686
301,Training,5,4.73962296586622,0.11405011100539247
302,Training,5,4.7341329184645975,0.11495528831329098
303,Training,5,4.730405346323626,0.11515151515151598
304,Validation,5,3.967846155166626,0.26666666666666666
305,Validation,5,4.757149718024514,0.10909090909090909
306,Validation,5,4.564674275262015,0.12380952380952381
307,Validation,5,4.588724305552821,0.11612903225806455
308,Validation,5,4.568487161543311,0.11869918699186995
309,Validation,5,4.585316686069264,0.11241830065359479
310,Validation,5,4.605881542455955,0.11693989071038255
311,Validation,5,4.626427207194584,0.11455399061032868
312,Validation,5,4.62201131420371,0.11851851851851851
313,Validation,5,4.6605251385615425,0.11648351648351646
314,Validation,5,4.664668774840855,0.11749174917491745
315,Validation,5,4.685259155324988,0.11231231231231227
316,Validation,5,4.710110425949097,0.10964187327823685
317,Validation,5,4.711913663922376,0.10992366412213733
318,Validation,5,4.710289273701661,0.10732860520094553
319,Training,6,4.423278331756592,0.13333333333333333
320,Training,6,4.167716456997779,0.18064516129032265
321,Training,6,4.134304113075381,0.18579234972677597
322,Training,6,4.165094742408166,0.18461538461538454
323,Training,6,4.166492363638129,0.18732782369145984
324,Training,6,4.153728832472239,0.18763796909492242
325,Training,6,4.148699926407956,0.18637200736648227
326,Training,6,4.146678208174864,0.18483412322274884
327,Training,6,4.1407980424239925,0.1817427385892118
328,Training,6,4.144122764193264,0.18081180811808145
329,Training,6,4.1343241632974825,0.181838316722038
330,Training,6,4.12955694328262,0.18147029204431062
331,Training,6,4.116822360295008,0.18430286241920646
332,Training,6,4.110659751745746,0.18380221653879006
333,Training,6,4.114813918455763,0.18289786223277973
334,Training,6,4.109615164691223,0.1830007390983008
335,Training,6,4.106838371550467,0.18392238392238472
336,Training,6,4.1056717855823015,0.1821265492498377
337,Training,6,4.109014065560924,0.18126925446703718
338,Training,6,4.10868967811197,0.1809690601284305
339,Training,6,4.108725097135776,0.1806988352745433
340,Training,6,4.105817409400517,0.18108821975700037
341,Training,6,4.103438369805802,0.18013111447302166
342,Training,6,4.100790994384699,0.17993246502653262
343,Training,6,4.096835258433623,0.18178455848358863
344,Training,6,4.092949718355974,0.18233466489125705
345,Training,6,4.088598323692586,0.18215962441314637
346,Training,6,4.082763972617548,0.1827373612823681
347,Training,6,4.078768687072464,0.18422512881490355
348,Training,6,4.077036674206074,0.18476846536548086
349,Training,6,4.069233346064797,0.18594154642989322
350,Training,6,4.064759926688402,0.18575008950948843
351,Training,6,4.059639855800633,0.18695802983003865
352,Training,6,4.052485971470053,0.18795829128826155
353,Training,6,4.046913383289603,0.18903036238981438
354,Training,6,4.047124240650209,0.18794798604503687
355,Training,6,4.041784197395318,0.18883749614554457
356,Training,6,4.036844052461544,0.18919891989198948
357,Validation,6,4.177021503448486,0.13333333333333333
358,Validation,6,4.397818565368652,0.15757575757575756
359,Validation,6,4.406253019968669,0.13650793650793652
360,Validation,6,4.3924516247164815,0.13548387096774198
361,Validation,6,4.47491908654934,0.12682926829268298
362,Validation,6,4.485113695556042,0.12287581699346412
363,Validation,6,4.462758767800253,0.12896174863387988
364,Validation,6,4.448204658400845,0.13051643192488266
365,Validation,6,4.407725710927704,0.1374485596707819
366,Validation,6,4.380882695481017,0.1457875457875458
367,Validation,6,4.3682916424061995,0.1452145214521452
368,Validation,6,4.34374433594781,0.1489489489489489
369,Validation,6,4.338353805305544,0.14820936639118448
370,Validation,6,4.349445044539357,0.1501272264631042
371,Validation,6,4.359937978974471,0.14751773049645375
372,Training,7,2.6746466159820557,0.6
373,Training,7,3.39428315624114,0.27096774193548384
374,Training,7,3.3812880633307283,0.27868852459016397
375,Training,7,3.4211446007529456,0.26959706959706936
376,Training,7,3.4242072755640205,0.27107438016528895
377,Training,7,3.431539011317373,0.26490066225165554
378,Training,7,3.436766297777713,0.2655616942909761
379,Training,7,3.4405685759268665,0.266350710900474
380,Training,7,3.435039241284256,0.2672199170124483
381,Training,7,3.4434808461868456,0.26838868388683895
382,Training,7,3.4492124251749035,0.2668881506090811
383,Training,7,3.4732606230905767,0.260825780463243
384,Training,7,3.477502478787113,0.2600184672206837
385,Training,7,3.4681300129122135,0.2598465473145784
386,Training,7,3.4677719531886084,0.25938242280285084
387,Training,7,3.462687322147141,0.2606060606060612
388,Training,7,3.452040827447808,0.26264726264726324
389,Training,7,3.4521813845214546,0.2631441617742996
390,Training,7,3.4517213496174697,0.2623536660505245
391,Training,7,3.4503166487672075,0.2628137769994171
392,Training,7,3.447050457587853,0.26333887964503705
393,Training,7,3.45065721921422,0.2621236133122039
394,Training,7,3.4493363556450687,0.2622289460413525
395,Training,7,3.4481388753126394,0.26222865412445834
396,Training,7,3.4470573509946445,0.2622283865002323
397,Training,7,3.4394110636450796,0.2640923213493132
398,Training,7,3.4418868090523342,0.2623986342296214
399,Training,7,3.43814590091917,0.26181668721742823
400,Training,7,3.433102132307363,0.2628616726119711
401,Training,7,3.431520323802628,0.2627631075392281
402,Training,7,3.4296073109143053,0.2623011468738449
403,Training,7,3.427344884063196,0.2622986036519882
404,Training,7,3.4254507110468677,0.2618799861255648
405,Training,7,3.423766825201533,0.2625630676084772
406,Training,7,3.421288938176737,0.2619653934051589
407,Training,7,3.4204874778224896,0.2616555661274978
408,Training,7,3.4180720805239613,0.26222633364168957
409,Training,7,3.416875389650209,0.26228622862286166
410,Validation,7,4.807502746582031,0.06666666666666667
411,Validation,7,3.9910542314702813,0.19393939393939394
412,Validation,7,4.002575499670846,0.20952380952380953
413,Validation,7,4.097659987788046,0.19354838709677422
414,Validation,7,4.103501267549468,0.19024390243902442
415,Validation,7,4.095205045213886,0.19346405228758173
416,Validation,7,4.077847527675941,0.19672131147540983
417,Validation,7,4.028695868774199,0.1953051643192488
418,Validation,7,4.033251612274735,0.18930041152263374
419,Validation,7,4.055158256174444,0.18095238095238095
420,Validation,7,4.020907859991093,0.18349834983498342
421,Validation,7,4.06547272097957,0.17837837837837825
422,Validation,7,4.067963129232738,0.17741046831955906
423,Validation,7,4.061592875546172,0.17862595419847307
424,Validation,7,4.079215678762882,0.1781914893617019
425,Training,8,3.776338815689087,0.13333333333333333
426,Training,8,2.8671687341505483,0.35053763440860236
427,Training,8,2.8704999353064866,0.3486338797814207
428,Training,8,2.811715313366481,0.36703296703296673
429,Training,8,2.8247657817257337,0.3669421487603305
430,Training,8,2.838934168120883,0.3682119205298014
431,Training,8,2.850640330525393,0.3639042357274403
432,Training,8,2.8552566371257835,0.3646129541864141
433,Training,8,2.854544335381124,0.36293222683264187
434,Training,8,2.8486762130392433,0.3635916359163594
435,Training,8,2.849506658177043,0.36035437430786293
436,Training,8,2.8396660514468515,0.3611278952668684
437,Training,8,2.842238629954013,0.3590027700831029
438,Training,8,2.8301512551734516,0.36231884057971075
439,Training,8,2.8353125411937468,0.35946159936658845
440,Training,8,2.8399418275266424,0.35816703621581786
441,Training,8,2.837181240753919,0.36022176022176156
442,Training,8,2.8428662177867854,0.35733855185910124
443,Training,8,2.8440412051576343,0.3571164510166374
444,Training,8,2.846251982314783,0.3564506713368377
445,Training,8,2.8468587789281634,0.3556295063782603
446,Training,8,2.843075895271664,0.35562599049128557
447,Training,8,2.8507925037536967,0.3538073625819485
448,Training,8,2.854648692045474,0.3535938253738562
449,Training,8,2.850855493843142,0.35339805825242904
450,Training,8,2.850704733287288,0.35339547270306404
451,Training,8,2.84523471827391,0.3536491677336755
452,Training,8,2.8510245275850212,0.3517468146321416
453,Training,8,2.8531278833906377,0.35085216012683285
454,Training,8,2.85020594303972,0.35147340221967016
455,Training,8,2.846790023437483,0.3516093229744716
456,Training,8,2.84838811757101,0.3508771929824547
457,Training,8,2.8501159069317312,0.3495664238640286
458,Training,8,2.8500454992386697,0.3492095526404283
459,Training,8,2.853556495338649,0.3486124714332328
460,Training,8,2.8502667929080414,0.3490643831271776
461,Training,8,2.844659643521693,0.34955288313289845
462,Training,8,2.84238064171064,0.35031503150314697
463,Validation,8,4.115884304046631,0.13333333333333333
464,Validation,8,3.746585499156605,0.2545454545454545
465,Validation,8,3.7330143565223333,0.24444444444444446
466,Validation,8,3.789592958265735,0.22795698924731186
467,Validation,8,3.9218837575214667,0.21626016260162606
468,Validation,8,3.871108597400142,0.2248366013071896
469,Validation,8,3.9139923541272275,0.21639344262295085
470,Validation,8,3.9274350052148526,0.20751173708920187
471,Validation,8,3.9034445050321978,0.2106995884773662
472,Validation,8,3.881594202020666,0.21245421245421234
473,Validation,8,3.852370564300235,0.21716171617161695
474,Validation,8,3.8661112935693414,0.21141141141141118
475,Validation,8,3.8597426453897774,0.21046831955922837
476,Validation,8,3.859481012548199,0.21017811704834574
477,Validation,8,3.8759151096885085,0.20845153664302568
478,Training,9,2.9147684574127197,0.26666666666666666
479,Training,9,2.27698709887843,0.47096774193548385
480,Training,9,2.3121889653753063,0.4448087431693986
481,Training,9,2.2829549469790615,0.46080586080586056
482,Training,9,2.287860560023095,0.4528925619834709
483,Training,9,2.273602223554194,0.4578366445916116
484,Training,9,2.2726177477704885,0.4633517495395949
485,Training,9,2.279186601887382,0.46508688783570296
486,Training,9,2.28486417586378,0.4619640387275242
487,Training,9,2.2903093372323857,0.4632226322263222
488,Training,9,2.29914828550776,0.45802879291251397
489,Training,9,2.2928462615546144,0.46243705941591146
490,Training,9,2.296782344332032,0.4618651892890124
491,Training,9,2.303539889547831,0.45916453537936963
492,Training,9,2.3069579669245632,0.457640538400634
493,Training,9,2.3045585726422906,0.45735402808573605
494,Training,9,2.3075925974241165,0.4564102564102571
495,Training,9,2.3073074990289317,0.45401174168297526
496,Training,9,2.3121629232840264,0.4522489217498468
497,Training,9,2.3107101514335273,0.45160537069468837
498,Training,9,2.314460627846234,0.4504714364947313
499,Training,9,2.3151251538619753,0.4501848917062862
500,Training,9,2.3170259038547165,0.44901664145234454
501,Training,9,2.322790469688548,0.44727448142788123
502,Training,9,2.3237044862503815,0.44687933425797366
503,Training,9,2.323598318188867,0.44589436307145863
504,Training,9,2.3251319957298446,0.4447289799402456
505,Training,9,2.3279459860116134,0.4437320180846668
506,Training,9,2.3308629215685,0.4431232659532276
507,Training,9,2.332177449449743,0.4429391504018342
508,Training,9,2.330751083931833,0.44335923048464393
509,Training,9,2.3318061235767944,0.44360902255638807
510,Training,9,2.333707235358136,0.44266389177939336
511,Training,9,2.3332263868824623,0.44332324251597394
512,Training,9,2.335068876199227,0.4426379366633984
513,Training,9,2.335062798718744,0.44123057405645055
514,Training,9,2.3352806987197834,0.4412580943570732
515,Training,9,2.3344187297657952,0.4412241224122376
516,Validation,9,3.6356201171875,0.3333333333333333
517,Validation,9,3.8705883893099697,0.2424242424242424
518,Validation,9,3.9608261244637624,0.23492063492063492
519,Validation,9,3.9463737472411125,0.23440860215053766
520,Validation,9,3.8581155218729157,0.2373983739837399
521,Validation,9,3.799743376526178,0.23398692810457525
522,Validation,9,3.828243474491307,0.2415300546448088
523,Validation,9,3.783944841841577,0.23943661971830985
524,Validation,9,3.77373876100705,0.24526748971193402
525,Validation,9,3.7910581683064555,0.24322344322344303
526,Validation,9,3.791843791999439,0.24290429042904263
527,Validation,9,3.7897079989716813,0.2456456456456453
528,Validation,9,3.8063833782495546,0.2435261707988977
529,Validation,9,3.801457245841281,0.24325699745547033
530,Validation,9,3.8085088400130576,0.24769503546099253
531,Training,10,1.3697898387908936,0.6666666666666666
532,Training,10,1.8212589333134312,0.5849462365591398
533,Training,10,1.8073956536465003,0.5672131147540986
534,Training,10,1.8236759468749328,0.5611721611721612
535,Training,10,1.806797287680886,0.5674931129476585
536,Training,10,1.820081503186005,0.5598233995584987
537,Training,10,1.81678202896487,0.5550644567219152
538,Training,10,1.8168637269481098,0.5535545023696681
539,Training,10,1.835018861095935,0.5482710926694327
540,Training,10,1.834803153228056,0.5503075030750305
541,Training,10,1.8217858998878453,0.5528239202657803
542,Training,10,1.8328675355796007,0.5496475327291033
543,Training,10,1.8471071360183884,0.5453370267774695
544,Training,10,1.8526797767185494,0.5449275362318835
545,Training,10,1.8556754668364899,0.5437846397466344
546,Training,10,1.8515138491294336,0.5463414634146333
547,Training,10,1.8594353878076755,0.5444213444213438
548,Training,10,1.863180178718791,0.5435094585779516
549,Training,10,1.87218137875943,0.540850277264325
550,Training,10,1.8783391618060565,0.5380035026269696
551,Training,10,1.8770106884088373,0.537659456461453
552,Training,10,1.884985077211105,0.5360802958267301
553,Training,10,1.8869012520280801,0.5355521936459914
554,Training,10,1.8948079992824285,0.5339122045344916
555,Training,10,1.891137391287477,0.5340730466944066
556,Training,10,1.8940744895274726,0.5331557922769645
557,Training,10,1.8958198877669175,0.5329918907383702
558,Training,10,1.896665113921818,0.5318536785861083
559,Training,10,1.8974292703531017,0.5315101070154584
560,Training,10,1.89876044549296,0.5311902028319945
561,Training,10,1.8997801275020434,0.5297077321494641
562,Training,10,1.899561688672075,0.5298245614035094
563,Training,10,1.900365199804554,0.5288241415192514
564,Training,10,1.9013675671412895,0.5290279179280195
565,Training,10,1.9071877707930667,0.5268690825987599
566,Training,10,1.9105504052509703,0.5251506501744374
567,Training,10,1.9120169941966563,0.5249460376194885
568,Training,10,1.9099638880533103,0.5255325532553258
569,Validation,10,3.3478150367736816,0.2
570,Validation,10,3.432415171103044,0.28484848484848485
571,Validation,10,3.5746254864193143,0.27936507936507937
572,Validation,10,3.600289956215889,0.2645161290322581
573,Validation,10,3.591599141679159,0.2666666666666667
574,Validation,10,3.6921433116875444,0.24705882352941175
575,Validation,10,3.679664312816057,0.2513661202185792
576,Validation,10,3.6556321617583154,0.2535211267605632
577,Validation,10,3.682313973521009,0.24691358024691337
578,Validation,10,3.7036064601206515,0.23882783882783856
579,Validation,10,3.7008051506363517,0.2396039603960393
580,Validation,10,3.691769087636793,0.24024024024023988
581,Validation,10,3.70885584866705,0.23691460055096378
582,Validation,10,3.7060009841700547,0.23867684478371456
583,Validation,10,3.6948902344872767,0.2372931442080375
584,Training,11,1.704781174659729,0.4
585,Training,11,1.334379090416816,0.6623655913978497
586,Training,11,1.3848854938491446,0.6535519125683061
587,Training,11,1.4053663925810174,0.6542124542124541
588,Training,11,1.414987640932572,0.6429752066115703
589,Training,11,1.4286855072375164,0.6370860927152318
590,Training,11,1.4456728821959943,0.6324125230202576
591,Training,11,1.4505167493323015,0.6300157977883094
592,Training,11,1.4468102452665939,0.6301521438450892
593,Training,11,1.4551318604567833,0.6295202952029506
594,Training,11,1.4521781113060606,0.632336655592468
595,Training,11,1.4470191455679717,0.632628398791539
596,Training,11,1.4554383566505031,0.6323176361957505
597,Training,11,1.4680029569989275,0.6272804774083527
598,Training,11,1.4742804411754473,0.6269200316706236
599,Training,11,1.4822658279254008,0.6255728011825565
600,Training,11,1.4910770913667342,0.624809424809425
601,Training,11,1.4957929244246735,0.6238747553816056
602,Training,11,1.5051425881614968,0.6207024029574875
603,Training,11,1.505770815024234,0.6205487448920043
604,Training,11,1.507479638704246,0.6196339434276232
605,Training,11,1.508009641181837,0.6194400422609642
606,Training,11,1.5130106267517887,0.6182551689359587
607,Training,11,1.5155793374940731,0.6172696575012094
608,Training,11,1.5201562237971038,0.6150716597318576
609,Training,11,1.519970367497674,0.614913448735024
610,Training,11,1.5228224464628974,0.613828425096035
611,Training,11,1.5302056315206864,0.611015207562684
612,Training,11,1.527951927800241,0.6110186286167305
613,Training,11,1.5352249191357539,0.6078836586299312
614,Training,11,1.5390058440320633,0.6059933407325231
615,Training,11,1.5432635539968595,0.6051557465091335
616,Training,11,1.5442896038759015,0.6047173083593512
617,Training,11,1.5489508656392064,0.6036326942482373
618,Training,11,1.5490976629247861,0.6036565458700648
619,Training,11,1.550860316723897,0.602727561052968
620,Training,11,1.5551163792940998,0.6022201665124906
621,Training,11,1.554939317231131,0.6018601860186041
622,Validation,11,4.356129169464111,0.2
623,Validation,11,3.6477416211908515,0.2484848484848485
624,Validation,11,3.5076510168257213,0.2793650793650793
625,Validation,11,3.530197285836743,0.27311827956989243
626,Validation,11,3.552891507381346,0.25365853658536586
627,Validation,11,3.5174018752341176,0.25882352941176473
628,Validation,11,3.552765805213178,0.2622950819672132
629,Validation,11,3.6005444879263218,0.25727699530516424
630,Validation,11,3.646169681607941,0.25267489711934144
631,Validation,11,3.6329506740465267,0.2549450549450547
632,Validation,11,3.6057065890567137,0.26072607260726044
633,Validation,11,3.6235983232120135,0.25825825825825793
634,Validation,11,3.637243062996667,0.25674931129476547
635,Validation,11,3.6403074546624685,0.25648854961832024
636,Validation,11,3.6287667083402053,0.25986997635933773
637,Training,12,0.6649205088615417,0.8
638,Training,12,1.1705850506982496,0.7118279569892474
639,Training,12,1.154245639922189,0.7136612021857924
640,Training,12,1.16343846982652,0.7047619047619045
641,Training,12,1.1299718364703755,0.714600550964187
642,Training,12,1.156693159941806,0.7090507726269314
643,Training,12,1.1652438905686964,0.7042357274401472
644,Training,12,1.1621358732194131,0.7045813586097939
645,Training,12,1.1643248716083305,0.7045643153526959
646,Training,12,1.170649624948572,0.6998769987699861
647,Training,12,1.167579129981836,0.7016611295681046
648,Training,12,1.1735145565786391,0.7011077542799576
649,Training,12,1.173418537979311,0.7013850415512446
650,Training,12,1.1805446913937474,0.6992327365728892
651,Training,12,1.1794098575296426,0.6980205859065721
652,Training,12,1.1815005854730332,0.6984478935698462
653,Training,12,1.1807827508994795,0.6989604989605012
654,Training,12,1.1842831562759826,0.6978473581213337
655,Training,12,1.1886632689817114,0.6962415280345076
656,Training,12,1.191936593600622,0.6950379451255149
657,Training,12,1.1932341935928172,0.6937326677759337
658,Training,12,1.1958683132653003,0.6933967247754937
659,Training,12,1.2018343098856137,0.6909732728189669
660,Training,12,1.2086082749101084,0.6884708152436142
661,Training,12,1.2118298167081216,0.6871937124364371
662,Training,12,1.2125887219582037,0.6870838881491409
663,Training,12,1.21623228847141,0.685872812633382
664,Training,12,1.2160668962907262,0.6854911631730428
665,Training,12,1.2196002122408995,0.6826793499801874
666,Training,12,1.2205853026646833,0.6823574435514776
667,Training,12,1.2200675702981494,0.6822049574546839
668,Training,12,1.22316534367463,0.6814178302900142
669,Training,12,1.2248450580608337,0.6809573361082235
670,Training,12,1.2286469407387146,0.6794483686511966
671,Training,12,1.2296804243682298,0.6790728044400938
672,Training,12,1.2328566202484461,0.6775769108785306
673,Training,12,1.2354038167782782,0.6769041011409207
674,Training,12,1.238294870734322,0.6759675967596775
675,Validation,12,3.943066120147705,0.26666666666666666
676,Validation,12,3.56211519241333,0.3212121212121212
677,Validation,12,3.3932160763513473,0.3174603174603175
678,Validation,12,3.549468478848857,0.30322580645161296
679,Validation,12,3.464376606592318,0.30569105691056925
680,Validation,12,3.4892211848614263,0.2980392156862746
681,Validation,12,3.5316526108100765,0.2918032786885246
682,Validation,12,3.5658819406804905,0.29107981220657264
683,Validation,12,3.5919700816825584,0.2888888888888887
684,Validation,12,3.6146727551470748,0.28424908424908396
685,Validation,12,3.577206654123741,0.2930693069306927
686,Validation,12,3.557999277974034,0.2906906906906903
687,Validation,12,3.5729685992248785,0.28925619834710714
688,Validation,12,3.540279220078738,0.2941475826972007
689,Validation,12,3.5439272070607397,0.2888297872340423
690,Training,13,0.7314755320549011,0.8
691,Training,13,0.9428094394745365,0.7354838709677421
692,Training,13,0.9414216680604903,0.7519125683060109
693,Training,13,0.909132895888863,0.7663003663003658
694,Training,13,0.903958354237651,0.7730027548209357
695,Training,13,0.9077154286452477,0.7739514348785864
696,Training,13,0.9179519840531586,0.7672191528545109
697,Training,13,0.9172070846314678,0.7677725118483403
698,Training,13,0.9209482596251974,0.7654218533886572
699,Training,13,0.9150446497756177,0.7694956949569488
700,Training,13,0.9157683426062531,0.7674418604651152
701,Training,13,0.920397620411798,0.7677744209466253
702,Training,13,0.9220907977495828,0.7691597414589103
703,Training,13,0.922859455504076,0.7676044330775798
704,Training,13,0.9284798314268402,0.7654790182106115
705,Training,13,0.9342550089182188,0.763192904656322
706,Training,13,0.9354430112112585,0.7635481635481668
707,Training,13,0.9381285063966146,0.7604696673189864
708,Training,13,0.9440328682912256,0.7584719654959996
709,Training,13,0.946321076483526,0.7583187390542957
710,Training,13,0.9519888301706949,0.7565169162506988
711,Training,13,0.9576715483387752,0.7539355520338148
712,Training,13,0.9611234956402641,0.7519919314170513
713,Training,13,0.964089588107145,0.7501205981669143
714,Training,13,0.964315047107854,0.7498844197873382
715,Training,13,0.9652043399853649,0.749578339991128
716,Training,13,0.9714074891714066,0.7486128894579644
717,Training,13,0.9729885376447814,0.748047677764081
718,Training,13,0.9738782218853443,0.7478398731668678
719,Training,13,0.9740642425695052,0.7479525449674728
720,Training,13,0.9751720742863106,0.7472438031816517
721,Training,13,0.9828403393160772,0.7440744718940219
722,Training,13,0.9879547476489388,0.7424904613250096
723,Training,13,0.9901772544284161,0.7410696266397583
724,Training,13,0.9919656116832832,0.7408423114593538
725,Training,13,0.9944848311474843,0.7400570884871551
726,Training,13,0.9986532443960324,0.7389454209065678
727,Training,13,0.9985301984821109,0.7389138913891382
728,Validation,13,4.0867228507995605,0.4
729,Validation,13,3.470167268406261,0.34545454545454546
730,Validation,13,3.6269655114128474,0.3238095238095239
731,Validation,13,3.8315875068787606,0.3118279569892474
732,Validation,13,3.84823807274423,0.3073170731707318
733,Validation,13,3.8480647638732313,0.29673202614379096
734,Validation,13,3.8627928710374677,0.28852459016393445
735,Validation,13,3.9480174326560866,0.2760563380281689
736,Validation,13,3.9897453873245805,0.2748971193415636
737,Validation,13,3.9759187672164416,0.27179487179487155
738,Validation,13,3.9318914791144945,0.27524752475247494
739,Validation,13,3.9104163270812853,0.2786786786786783
740,Validation,13,3.9078399356731697,0.27823691460055056
741,Validation,13,3.8946877499573103,0.27989821882951627
742,Validation,13,3.8683662034095603,0.2825650118203308
743,Training,14,1.102576732635498,0.8
744,Training,14,0.7348753540746628,0.8193548387096777
745,Training,14,0.7228458513979052,0.8295081967213113
746,Training,14,0.7126442436333541,0.8285714285714282
747,Training,14,0.7174647563745168,0.8264462809917351
748,Training,14,0.7361029358889093,0.8167770419426044
749,Training,14,0.7320425858649101,0.8169429097605893
750,Training,14,0.7360526493516578,0.8151658767772515
751,Training,14,0.7346433191502243,0.8163208852005536
752,Training,14,0.735977287057141,0.8127921279212795
753,Training,14,0.746003902285202,0.809745293466224
754,Training,14,0.7516093220325395,0.8082578046324276
755,Training,14,0.7589292302108538,0.8060941828254862
756,Training,14,0.7594992117122616,0.806990622335893
757,Training,14,0.7607094745667133,0.8061757719714993
758,Training,14,0.7605241492489754,0.8050258684405059
759,Training,14,0.7631947289447527,0.8036036036036076
760,Training,14,0.7650160373365342,0.8030006523157253
761,Training,14,0.7682222669699716,0.8020948860135599
762,Training,14,0.7701018493094085,0.8023350846468236
763,Training,14,0.7733149980001164,0.7998890737659512
764,Training,14,0.777450394304543,0.7980982567353467
765,Training,14,0.7787047902998513,0.796974281391836
766,Training,14,0.7846618253958726,0.7958514230583744
767,Training,14,0.7887970754533138,0.7950069348127637
768,Training,14,0.7922660123690785,0.7933422103861549
769,Training,14,0.7947787360100984,0.7931711481007278
770,Training,14,0.7954832607221074,0.7926017262638732
771,Training,14,0.7955501248238345,0.7924692826000801
772,Training,14,0.7978723524084869,0.7921163413700729
773,Training,14,0.7989540760313366,0.7921568627450977
774,Training,14,0.8010807345300177,0.7915503043322581
775,Training,14,0.8026633171459638,0.7912591050988537
776,Training,14,0.8057198950909943,0.7898419105280838
777,Training,14,0.8085558316091133,0.7894874306235692
778,Training,14,0.8103407643785032,0.7888360291785573
779,Training,14,0.8118099254882523,0.7876040703052699
780,Training,14,0.8160371722185751,0.7857185718571824
781,Validation,14,4.671000003814697,0.3333333333333333
782,Validation,14,4.316134940494191,0.3090909090909091
783,Validation,14,3.917721634819394,0.33015873015873015
784,Validation,14,3.8978697715267057,0.30967741935483883
785,Validation,14,3.902085664795666,0.2991869918699189
786,Validation,14,3.851611001818788,0.28888888888888903
787,Validation,14,3.926410131767148,0.27213114754098366
788,Validation,14,3.9385633166407197,0.2685446009389671
789,Validation,14,3.90728317366706,0.26831275720164594
790,Validation,14,3.8813135283333913,0.26959706959706936
791,Validation,14,3.8576091256472145,0.271287128712871
792,Validation,14,3.8575707384057947,0.27087087087087053
793,Validation,14,3.8765410214416254,0.26776859504132194
794,Validation,14,3.8666730227361197,0.2692111959287529
795,Validation,14,3.8811505102942174,0.2680260047281322
796,Training,15,0.786497175693512,0.7333333333333333
797,Training,15,0.647487570201197,0.8537634408602154
798,Training,15,0.6627784053810307,0.8415300546448086
799,Training,15,0.6383812136047489,0.8468864468864464
800,Training,15,0.6304689195037874,0.8495867768595036
801,Training,15,0.6300531708641558,0.8481236203090498
802,Training,15,0.6229928410843592,0.8482504604051564
803,Training,15,0.627400977775384,0.84739336492891
804,Training,15,0.6317534513493297,0.8464730290456435
805,Training,15,0.6293927372821583,0.8467404674046748
806,Training,15,0.6316562779123996,0.8458471760797351
807,Training,15,0.6284045253815608,0.8443101711983904
808,Training,15,0.629311923092422,0.8430286241920614
809,Training,15,0.6267360760580243,0.8438192668371725
810,Training,15,0.6251220858153708,0.8444972288202723
811,Training,15,0.6232009923907447,0.8444937176644529
812,Training,15,0.6263376372147994,0.8435204435204474
813,Training,15,0.6296664770626975,0.8421395955642574
814,Training,15,0.630059251034987,0.8426370918053033
815,Training,15,0.632255115802359,0.841681260945714
816,Training,15,0.6280339766361948,0.843594009983366
817,Training,15,0.6313617621945503,0.8426835710512454
818,Training,15,0.632206738198038,0.8422592032274361
819,Training,15,0.6332479610327528,0.8415822479498329
820,Training,15,0.6358115302912901,0.8407766990291269
821,Training,15,0.6368780877594942,0.8409232134931198
822,Training,15,0.639615836373212,0.8391805377720861
823,Training,15,0.6416184817487891,0.8385532264693779
824,Training,15,0.6437517581917301,0.8376535869996018
825,Training,15,0.6446597503774065,0.8371986222732466
826,Training,15,0.6467092034720158,0.8364039955604854
827,Training,15,0.6518097204405306,0.833870390261364
828,Training,15,0.6539774051907159,0.8333680194242066
829,Training,15,0.6565979962602754,0.8326942482341022
830,Training,15,0.6602271422087037,0.8311459353574877
831,Training,15,0.6620834801136937,0.830383761496982
832,Training,15,0.6659456481958957,0.828800493370331
833,Training,15,0.6661056900190727,0.8284428442844229
834,Validation,15,3.057983636856079,0.3333333333333333
835,Validation,15,3.164675409143621,0.28484848484848485
836,Validation,15,3.317926389830453,0.32063492063492066
837,Validation,15,3.441092456540754,0.3247311827956989
838,Validation,15,3.5562454694654884,0.31869918699186994
839,Validation,15,3.6362263431736066,0.30588235294117644
840,Validation,15,3.6491905802586038,0.29617486338797805
841,Validation,15,3.677216645697473,0.29953051643192474
842,Validation,15,3.6078746421837513,0.31111111111111084
843,Validation,15,3.6408176513818593,0.30402930402930367
844,Validation,15,3.638761006959594,0.30165016501650127
845,Validation,15,3.6536202806610243,0.29789789789789756
846,Validation,15,3.6800342778529016,0.29586776859504105
847,Validation,15,3.6509573004627955,0.29567430025445274
848,Validation,15,3.6720389829459767,0.2935579196217492
849,Training,16,0.49305927753448486,0.9333333333333333
850,Training,16,0.5477585427222713,0.8430107526881724
851,Training,16,0.5327408211153062,0.8622950819672128
852,Training,16,0.5235033683724456,0.8688644688644682
853,Training,16,0.5232443964678394,0.8683195592286496
854,Training,16,0.5137588091638704,0.8706401766004409
855,Training,16,0.5115813984232054,0.8696132596685087
856,Training,16,0.5049088872721975,0.8714060031595581
857,Training,16,0.4980472307111218,0.8752420470262805
858,Training,16,0.4997337309306838,0.8740467404674059
859,Training,16,0.4976756739061932,0.8741971207087503
860,Training,16,0.49947596078012646,0.8733131923464272
861,Training,16,0.5096065852367977,0.8710987996306584
862,Training,16,0.5099882910318692,0.8717817561807363
863,Training,16,0.5143876934419619,0.8706254948535268
864,Training,16,0.515899215694806,0.8696230598669661
865,Training,16,0.5158113329487383,0.8698544698544738
866,Training,16,0.5166749163674749,0.8695368558382299
867,Training,16,0.5166927010316725,0.8698706099815201
868,Training,16,0.5147097716189516,0.8715703444249898
869,Training,16,0.5206796083345191,0.8692179700499207
870,Training,16,0.5223216941541802,0.8690966719492897
871,Training,16,0.5269409701476119,0.8671709531013632
872,Training,16,0.5281882579135135,0.8663772310660884
873,Training,16,0.5318740749532737,0.864632454923717
874,Training,16,0.5329508252451804,0.8644474034620496
875,Training,16,0.5328016879845521,0.8647033717456236
876,Training,16,0.5316612897061831,0.864775996711876
877,Training,16,0.5368987345773456,0.8631787554498583
878,Training,16,0.5359480516679251,0.8638346727898936
879,Training,16,0.5385727591142803,0.8628190899001075
880,Training,16,0.5386622166691226,0.8624418188327925
881,Training,16,0.5441100904553291,0.8609781477627431
882,Training,16,0.5470919225488975,0.859401278170194
883,Training,16,0.5493771423030204,0.8592882794645722
884,Training,16,0.5509079538505492,0.8591183000317105
885,Training,16,0.5548093410193313,0.857230958988585
886,Training,16,0.5561351460931968,0.8568256825682508
887,Validation,16,3.9434685707092285,0.4
888,Validation,16,3.976756355979226,0.29696969696969694
889,Validation,16,3.8939085687909807,0.30793650793650795
890,Validation,16,3.7588252059875,0.3161290322580645
891,Validation,16,3.790055830304216,0.3056910569105691
892,Validation,16,3.8482021280363496,0.29934640522875816
893,Validation,16,3.7414910402454313,0.30163934426229494
894,Validation,16,3.7893560671470534,0.2976525821596242
895,Validation,16,3.8038240391531106,0.29218106995884746
896,Validation,16,3.8432319452474406,0.289377289377289
897,Validation,16,3.8792574688939765,0.28382838283828343
898,Validation,16,3.8487601473524764,0.2912912912912909
899,Validation,16,3.8426246446026258,0.29146005509641837
900,Validation,16,3.8677912759416886,0.2880407124681931
901,Validation,16,3.8614002981929914,0.28309692671394787
902,Training,17,0.34758344292640686,0.8666666666666667
903,Training,17,0.42900499989909513,0.8967741935483874
904,Training,17,0.46399091355136185,0.8918032786885239
905,Training,17,0.47587309728611954,0.8842490842490833
906,Training,17,0.45859468180285995,0.8881542699724511
907,Training,17,0.4400248004999382,0.8891832229580567
908,Training,17,0.42929225390293324,0.892081031307551
909,Training,17,0.4399106041726908,0.8875197472353876
910,Training,17,0.4464537850368567,0.8852005532503467
911,Training,17,0.4417537339993948,0.8863468634686359
912,Training,17,0.4432799329739868,0.8874861572536004
913,Training,17,0.4431617669648634,0.8884189325276955
914,Training,17,0.44059354361982556,0.8906740535549419
915,Training,17,0.4442290679153884,0.8884910485933528
916,Training,17,0.45149271414922704,0.8866191607284272
917,Training,17,0.44976164286588616,0.8869179600886948
918,Training,17,0.4496234908328235,0.8870408870408902
919,Training,17,0.45038598310749123,0.8870189171559069
920,Training,17,0.4506495268447342,0.8869993838570585
921,Training,17,0.4516887079317599,0.8873321657910136
922,Training,17,0.4530368369698723,0.8869661674986161
923,Training,17,0.4571391963732035,0.8861067089276297
924,Training,17,0.45677261622608517,0.8855269793242564
925,Training,17,0.45591020609984007,0.8861553304389765
926,Training,17,0.4554119732194734,0.8867313915857589
927,Training,17,0.4568365069624587,0.885752330226362
928,Training,17,0.4578160858795371,0.8862142552283364
929,Training,17,0.4609397624592893,0.8846691327579081
930,Training,17,0.4644428300411041,0.8826793499801782
931,Training,17,0.4640153851424238,0.88266360505166
932,Training,17,0.46359515853317146,0.8830188679245229
933,Training,17,0.46641414709365203,0.8818474758324323
934,Training,17,0.46812094723210745,0.8813735691987447
935,Training,17,0.469115949212362,0.8811974436595957
936,Training,17,0.47218577172625426,0.880509304603322
937,Training,17,0.4743100092112734,0.8801141769743016
938,Training,17,0.47611202983311435,0.8789392537773577
939,Training,17,0.4767174760062452,0.8791479147914698
940,Validation,17,4.023849964141846,0.2
941,Validation,17,4.178663557226008,0.2727272727272727
942,Validation,17,4.117081710270473,0.27619047619047626
943,Validation,17,3.9543806276013775,0.28387096774193554
944,Validation,17,3.9023015789869353,0.2861788617886179
945,Validation,17,3.8791704271353926,0.2745098039215687
946,Validation,17,3.895824854491187,0.27103825136612025
947,Validation,17,3.8618164767681713,0.272300469483568
948,Validation,17,3.859303921829035,0.2732510288065842
949,Validation,17,3.841416746705443,0.27692307692307666
950,Validation,17,3.906780448290381,0.27590759075907556
951,Validation,17,3.889187588348045,0.2780780780780777
952,Validation,17,3.8826277778168357,0.2793388429752063
953,Validation,17,3.889788337336242,0.28142493638676824
954,Validation,17,3.866992007756064,0.28687943262411336
955,Training,18,0.31525376439094543,0.9333333333333333
956,Training,18,0.33660604732651866,0.9161290322580647
957,Training,18,0.36254802346229553,0.902732240437158
958,Training,18,0.351712571149999,0.9113553113553108
959,Training,18,0.3537380188580387,0.9118457300275477
960,Training,18,0.36143359675115305,0.9108167770419421
961,Training,18,0.36931199070004467,0.9075506445672191
962,Training,18,0.3659858677130175,0.9090047393364932
963,Training,18,0.35981164582042774,0.9092669432918404
964,Training,18,0.36264138157407294,0.9102091020910221
965,Training,18,0.363571676527741,0.9109634551495032
966,Training,18,0.3685859214188109,0.9089627391742214
967,Training,18,0.37213912820882084,0.9087719298245636
968,Training,18,0.37425802019246096,0.9092924126172232
969,Training,18,0.37663848296409547,0.9100554235946186
970,Training,18,0.3742552982630857,0.9107169253510744
971,Training,18,0.3781664134342061,0.9097713097713127
972,Training,18,0.3817743957188498,0.9091976516634082
973,Training,18,0.37932928719053427,0.9100431300061645
974,Training,18,0.38139025128451415,0.9088149445417425
975,Training,18,0.38334078489246465,0.9075984470327249
976,Training,18,0.38821401207363926,0.9058637083993665
977,Training,18,0.390574417636362,0.9055975794251128
978,Training,18,0.3893513359053953,0.9063193439459707
979,Training,18,0.3953863377999334,0.905131761442439
980,Training,18,0.3981004925804354,0.9047492232578757
981,Training,18,0.39874727039498953,0.9043107127614136
982,Training,18,0.40106120152552827,0.9041512535963792
983,Training,18,0.4016134944986928,0.9040824415378472
984,Training,18,0.4020818154638725,0.904094910065054
985,Training,18,0.4032046892220252,0.9038845726969975
986,Training,18,0.40495176932641436,0.903114930182593
987,Training,18,0.4068271118554439,0.9030176899063408
988,Training,18,0.40831932242805613,0.9023881601076281
989,Training,18,0.40964459230891637,0.9017303297420753
990,Training,18,0.41038123116279984,0.9011100539168966
991,Training,18,0.41138725973162577,0.9008325624421751
992,Training,18,0.4127119095085657,0.900570057005692
993,Validation,18,3.012230396270752,0.4666666666666667
994,Validation,18,3.6076224500482734,0.3151515151515151
995,Validation,18,3.646546545482817,0.3142857142857143
996,Validation,18,3.758885398987801,0.3096774193548388
997,Validation,18,3.9133010259488734,0.28943089430894314
998,Validation,18,3.858492984491236,0.28496732026143795
999,Validation,18,3.7873691633099416,0.29398907103825134
1000,Validation,18,3.7583761987551836,0.29483568075117356
1001,Validation,18,3.755650025826913,0.3004115226337446
1002,Validation,18,3.7102210259699557,0.30329670329670294
1003,Validation,18,3.7086999463562917,0.3003300330032999
1004,Validation,18,3.703695720380491,0.298498498498498
1005,Validation,18,3.699349387618136,0.2986225895316801
1006,Validation,18,3.720118628203414,0.2966921119592872
1007,Validation,18,3.7410122604234846,0.29479905437352216
1008,Training,19,0.09720788896083832,1.0
1009,Training,19,0.291539938219132,0.9290322580645163
1010,Training,19,0.27714634753885814,0.933333333333333
1011,Training,19,0.29500461910124665,0.9289377289377286
1012,Training,19,0.3085849702604546,0.9234159779614323
1013,Training,19,0.31105845687997263,0.9227373068432674
1014,Training,19,0.31375387117513637,0.9211786372007377
1015,Training,19,0.3190525916374125,0.9194312796208546
1016,Training,19,0.32912864953403154,0.9181189488243449
1017,Training,19,0.33509057122402963,0.9151291512915148
1018,Training,19,0.3299970301827323,0.9165005537098582
1019,Training,19,0.3308688375614921,0.9166163141993982
1020,Training,19,0.3339284920543845,0.9157894736842132
1021,Training,19,0.3350993895241062,0.9149190110826968
1022,Training,19,0.33455722773726365,0.9157561361836926
1023,Training,19,0.3355875948811582,0.9157427937915773
1024,Training,19,0.3396053317306939,0.914899514899518
1025,Training,19,0.34228623105821776,0.9137638617090705
1026,Training,19,0.34010007125007025,0.9141096734442424
1027,Training,19,0.34345000384672303,0.9132516053706977
1028,Training,19,0.34782285187486406,0.9117027176927359
1029,Training,19,0.3498214619520538,0.910935023771792
1030,Training,19,0.3519451775321802,0.9099344427634896
1031,Training,19,0.3531390182490632,0.9096960926193908
1032,Training,19,0.35560487196283436,0.9086453999075336
1033,Training,19,0.35549160158546883,0.9090102086107381
1034,Training,19,0.35788435747467756,0.9084080239009777
1035,Training,19,0.3580381707845281,0.9083436087135177
1036,Training,19,0.3596390318502002,0.9078081648830704
1037,Training,19,0.3628094120530666,0.907462686567158
1038,Training,19,0.3635827787427209,0.9067702552719132
1039,Training,19,0.36396918436222253,0.9064804869316072
1040,Training,19,0.3683486442536147,0.9046826222684626
1041,Training,19,0.37022952747453236,0.9039354187689125
1042,Training,19,0.3708033753918387,0.9040156709108631
1043,Training,19,0.3707458377522474,0.9039644782746499
1044,Training,19,0.36965066716281714,0.9044094973789605
1045,Training,19,0.3697080439632267,0.9046504650464948
1046,Validation,19,4.428890705108643,0.13333333333333333
1047,Validation,19,4.16584038734436,0.21818181818181817
1048,Validation,19,3.8866542293911888,0.2888888888888889
1049,Validation,19,3.924763625667941,0.2903225806451614
1050,Validation,19,3.7847792898736348,0.2910569105691058
1051,Validation,19,3.7703190574459002,0.3019607843137257
1052,Validation,19,3.744522018510787,0.2983606557377049
1053,Validation,19,3.744902209496834,0.29201877934272286
1054,Validation,19,3.7286731946615523,0.2971193415637857
1055,Validation,19,3.7203115093839036,0.29157509157509126
1056,Validation,19,3.695455280861052,0.29438943894389397
1057,Validation,19,3.73077709932585,0.29369369369369325
1058,Validation,19,3.7329840059122765,0.2964187327823688
1059,Validation,19,3.7548213996960005,0.2966921119592873
1060,Validation,19,3.746777858294494,0.2985815602836878
1061,Training,20,0.22096960246562958,1.0
1062,Training,20,0.2920751232774027,0.9333333333333335
1063,Training,20,0.27320232547697476,0.9289617486338791
1064,Training,20,0.2583467668065658,0.9333333333333328
1065,Training,20,0.25608557548897326,0.9355371900826444
1066,Training,20,0.2528598374187552,0.9373068432671083
1067,Training,20,0.25265865822358685,0.9362799263351755
1068,Training,20,0.25314387663210175,0.9358609794628763
1069,Training,20,0.256301558904999,0.9349930843706791
1070,Training,20,0.2520872208038929,0.9367773677736793
1071,Training,20,0.24555308242449134,0.9395348837209317
1072,Training,20,0.24361436467989153,0.9389728096676755
1073,Training,20,0.24364907660333238,0.9381348107109899
1074,Training,20,0.24173601740099432,0.9387894288150063
1075,Training,20,0.2401828637961608,0.9388756927949349
1076,Training,20,0.2411864415232398,0.9389504804138973
1077,Training,20,0.2405973341424413,0.938738738738741
1078,Training,20,0.24101759089109598,0.9388127853881302
1079,Training,20,0.23944089004973057,0.93863216266174
1080,Training,20,0.236774172317465,0.9390542907180398
1081,Training,20,0.23629268278955123,0.9389905712701054
1082,Training,20,0.23681651230860154,0.9382989963021651
1083,Training,20,0.23506041397249014,0.9392839132627315
1084,Training,20,0.23359019154825622,0.9394114809454873
1085,Training,20,0.23286114758379167,0.939528432732313
1086,Training,20,0.23213932331596884,0.9400798934753622
1087,Training,20,0.23273700351436907,0.9396500213401577
1088,Training,20,0.23063873961733242,0.9404027949034062
1089,Training,20,0.22968165749655184,0.9408640507332485
1090,Training,20,0.2280209550610503,0.9412169919632545
1091,Training,20,0.22617984527141088,0.9418423973362863
1092,Training,20,0.22594246599987294,0.9418546365914715
1093,Training,20,0.2261733183953194,0.9418661116892051
1094,Training,20,0.22453998604753664,0.9425496131853266
1095,Training,20,0.22383464549565057,0.9425399934704455
1096,Training,20,0.22360415603579167,0.9425943545829282
1097,Training,20,0.22211585857773633,0.9432007400554954
1098,Training,20,0.2219028396986284,0.9431743174317345
1099,Validation,20,3.534623146057129,0.26666666666666666
1100,Validation,20,3.6941215991973877,0.30909090909090914
1101,Validation,20,3.9078225181216286,0.31111111111111117
1102,Validation,20,3.660318951452932,0.32903225806451625
1103,Validation,20,3.6827922855935444,0.3138211382113822
1104,Validation,20,3.654749267241534,0.32026143790849687
1105,Validation,20,3.634752136762025,0.3234972677595628
1106,Validation,20,3.616626501083374,0.328638497652582
1107,Validation,20,3.6215919506402665,0.32510288065843596
1108,Validation,20,3.617881017726856,0.3216117216117213
1109,Validation,20,3.5870044018962597,0.32541254125412505
1110,Validation,20,3.564377142502381,0.32612612612612585
1111,Validation,20,3.5535251641076457,0.3261707988980714
1112,Validation,20,3.596691299030799,0.3236641221374045
1113,Validation,20,3.593687585059633,0.3232860520094562
1114,Training,21,0.19685755670070648,1.0
1115,Training,21,0.18966478013223217,0.9483870967741937
1116,Training,21,0.1829792407692456,0.9530054644808741
1117,Training,21,0.18143863724237616,0.953113553113553
1118,Training,21,0.179657378765054,0.952617079889807
1119,Training,21,0.17604859812271517,0.9523178807947023
1120,Training,21,0.17517956506810795,0.9524861878453045
1121,Training,21,0.17249528014970616,0.9538704581358618
1122,Training,21,0.1728252891250171,0.9532503457814673
1123,Training,21,0.17222892836671033,0.9535055350553517
1124,Training,21,0.17182883320753756,0.953931339977853
1125,Training,21,0.1686207641118693,0.9548841893252783
1126,Training,21,0.1681093005850457,0.9547553093259479
1127,Training,21,0.1685357406363844,0.9539641943734032
1128,Training,21,0.16956611737308055,0.9534441805225671
1129,Training,21,0.17111951719449126,0.9526977087952716
1130,Training,21,0.1711214050968137,0.9530145530145548
1131,Training,21,0.17126460330753993,0.9529028049576014
1132,Training,21,0.17107741239647659,0.9529266789895274
1133,Training,21,0.17440807861121022,0.9515469935785179
1134,Training,21,0.17574455316942464,0.9507487520798669
1135,Training,21,0.17746747740309704,0.9502377179080812
1136,Training,21,0.1767321762356924,0.9506807866868362
1137,Training,21,0.17670946992534806,0.9507959479015887
1138,Training,21,0.17713109810995492,0.9502542764678649
1139,Training,21,0.17638564588980732,0.9503772747447802
1140,Training,21,0.17710733230532208,0.949893299189069
1141,Training,21,0.17577808754548485,0.9503493629264227
1142,Training,21,0.17578988373013796,0.950297265160517
1143,Training,21,0.17749264896189715,0.9494068120933729
1144,Training,21,0.17650881616065855,0.9500554938956648
1145,Training,21,0.1771859246507191,0.949874686716785
1146,Training,21,0.17711488343872184,0.9499132847727988
1147,Training,21,0.17702569160234524,0.9502186343760436
1148,Training,21,0.17664760659584716,0.9500489715964661
1149,Training,21,0.17624013193419555,0.9501427212178793
1150,Training,21,0.17541703237711723,0.9505396238051098
1151,Training,21,0.17472040213805454,0.9508550855085426
1152,Validation,21,3.596958637237549,0.26666666666666666
1153,Validation,21,3.4783420129255815,0.3515151515151515
1154,Validation,21,3.564864919299171,0.3301587301587302
1155,Validation,21,3.446627232336229,0.33548387096774207
1156,Validation,21,3.577141596049797,0.326829268292683
1157,Validation,21,3.6488793574127496,0.31503267973856214
1158,Validation,21,3.615602186468781,0.30928961748633876
1159,Validation,21,3.6221249489717082,0.31173708920187776
1160,Validation,21,3.6569377095611006,0.3152263374485594
1161,Validation,21,3.595407551461524,0.3194139194139191
1162,Validation,21,3.55749245445327,0.3188118811881185
1163,Validation,21,3.5607117833317936,0.31591591591591583
1164,Validation,21,3.608036888532402,0.31680440771349855
1165,Validation,21,3.584417148400809,0.3195928753180662
1166,Validation,21,3.560373675738666,0.32417257683215134
1167,Training,22,0.296142578125,0.8666666666666667
1168,Training,22,0.17175987723373598,0.9419354838709679
1169,Training,22,0.16479854255181844,0.9453551912568301
1170,Training,22,0.15650554296079572,0.9501831501831496
1171,Training,22,0.15434566658944632,0.9498622589531676
1172,Training,22,0.1544553003218395,0.9501103752759382
1173,Training,22,0.15625440658620707,0.9491712707182326
1174,Training,22,0.15145384361393643,0.9516587677725126
1175,Training,22,0.15509337584074603,0.9507607192254505
1176,Training,22,0.15625329711560393,0.9510455104551057
1177,Training,22,0.15917339774956338,0.950166112956812
1178,Training,22,0.15727595067681502,0.9514602215508574
1179,Training,22,0.15646626995334664,0.9523545706371206
1180,Training,22,0.1580489311138611,0.9517476555839743
1181,Training,22,0.15919704962247483,0.9509105304829788
1182,Training,22,0.15686783698819032,0.9515151515151533
1183,Training,22,0.15964853004194224,0.9506583506583525
1184,Training,22,0.1589160750778629,0.9509458577951747
1185,Training,22,0.1595677824074647,0.9508317929759725
1186,Training,22,0.1593429212557925,0.9510799766491544
1187,Training,22,0.15974772411914615,0.9513033832501386
1188,Training,22,0.16070362142391986,0.9511885895404111
1189,Training,22,0.1598007411085937,0.9515885022692869
1190,Training,22,0.15843840162829104,0.9520501688374309
1191,Training,22,0.1578029834261053,0.9524734165510832
1192,Training,22,0.15744545729396822,0.9524189968930274
1193,Training,22,0.1577283526686105,0.952198036705074
1194,Training,22,0.1568721098418815,0.9524866420057486
1195,Training,22,0.1568458029639317,0.9522790328973384
1196,Training,22,0.1563615587044905,0.952468427095286
1197,Training,22,0.1574898605171868,0.9519052904180465
1198,Training,22,0.15668095207736135,0.9523809523809446
1199,Training,22,0.15680177585182092,0.9525494276794924
1200,Training,22,0.15651435081731419,0.9527077026572401
1201,Training,22,0.15672818044826287,0.9524649036891849
1202,Training,22,0.15732699833264474,0.9520456707897151
1203,Training,22,0.15755778736849277,0.9516497070613537
1204,Training,22,0.1577368351378546,0.9515151515151427
1205,Validation,22,3.3306050300598145,0.3333333333333333
1206,Validation,22,3.3257654146714644,0.3393939393939394
1207,Validation,22,3.6161309423900785,0.31746031746031744
1208,Validation,22,3.6354631300895446,0.32258064516129037
1209,Validation,22,3.5750260614767306,0.3398373983739838
1210,Validation,22,3.5633223173665067,0.34640522875816987
1211,Validation,22,3.4938476183375373,0.35300546448087416
1212,Validation,22,3.4655405467664693,0.349295774647887
1213,Validation,22,3.5385179666825284,0.3415637860082301
1214,Validation,22,3.5816188094380137,0.33406593406593366
1215,Validation,22,3.615600800750279,0.329372937293729
1216,Validation,22,3.6290007453780992,0.32552552552552527
1217,Validation,22,3.621448114883801,0.32176308539944876
1218,Validation,22,3.5854983002174903,0.32417302798982167
1219,Validation,22,3.5713346359577587,0.3298463356973993
1220,Training,23,0.09338564425706863,1.0
1221,Training,23,0.15225860019845347,0.9526881720430109
1222,Training,23,0.15830991429383637,0.9497267759562837
1223,Training,23,0.14960015479188699,0.953113553113553
1224,Training,23,0.14266653933123616,0.955922865013774
1225,Training,23,0.1421315156120733,0.9549668874172188
1226,Training,23,0.15161889521868188,0.9524861878453044
1227,Training,23,0.1562289007678981,0.9497630331753563
1228,Training,23,0.15317094800568715,0.9518672199170134
1229,Training,23,0.15338782729697845,0.9532595325953269
1230,Training,23,0.14964754264987387,0.9548172757475094
1231,Training,23,0.14952889553572296,0.9542799597180274
1232,Training,23,0.14924564912729482,0.9540166204986164
1233,Training,23,0.15163784065876929,0.9524296675191831
1234,Training,23,0.1508566271956134,0.9528107680126698
1235,Training,23,0.15064048119087572,0.9525498891352567
1236,Training,23,0.14916062017364462,0.9534303534303551
1237,Training,23,0.14739709486000224,0.9542074363992189
1238,Training,23,0.14709922419981464,0.9544054220579192
1239,Training,23,0.14613546414754228,0.9549328663164047
1240,Training,23,0.14626230464042622,0.95440931780366
1241,Training,23,0.14485897281739962,0.9548864236661371
1242,Training,23,0.1448671717264333,0.9546142208774562
1243,Training,23,0.14435877973636999,0.9549445248432192
1244,Training,23,0.14357883871201008,0.9551548774849711
1245,Training,23,0.1442519215130298,0.9550821127385667
1246,Training,23,0.1445336579971216,0.9547588561673022
1247,Training,23,0.14365212244019557,0.9551171393341502
1248,Training,23,0.14270187901968623,0.9553705905667802
1249,Training,23,0.14286010957672662,0.955223880597009
1250,Training,23,0.14397212639699103,0.9547169811320689
1251,Training,23,0.1446014206904506,0.9544575725026782
1252,Training,23,0.14454671911484368,0.9545612209503911
1253,Training,23,0.14435655783061183,0.9545913218970655
1254,Training,23,0.14492937434650774,0.9543584720861814
1255,Training,23,0.14556139808052443,0.9542023469711297
1256,Training,23,0.14526652497696887,0.9541782300339104
1257,Training,23,0.14606088651201674,0.9534353435343444
1258,Validation,23,3.529278039932251,0.26666666666666666
1259,Validation,23,3.795860528945923,0.27878787878787875
1260,Validation,23,3.8297214110692344,0.30793650793650795
1261,Validation,23,3.9298424297763455,0.30322580645161296
1262,Validation,23,3.81233027795466,0.310569105691057
1263,Validation,23,3.65201469262441,0.3424836601307191
1264,Validation,23,3.6095243790110603,0.3431693989071039
1265,Validation,23,3.5892898297645677,0.348356807511737
1266,Validation,23,3.5894883885795688,0.3448559670781891
1267,Validation,23,3.614005785721999,0.3377289377289374
1268,Validation,23,3.614834473864867,0.3320132013201318
1269,Validation,23,3.604218297176533,0.33633633633633614
1270,Validation,23,3.59128051848451,0.33388429752066096
1271,Validation,23,3.557345547748886,0.33333333333333315
1272,Validation,23,3.5560117824703243,0.3331560283687942
1273,Training,24,0.06963549554347992,1.0
1274,Training,24,0.14578484070877876,0.9440860215053766
1275,Training,24,0.14116072996717985,0.9486338797814203
1276,Training,24,0.13606144653653707,0.952380952380952
1277,Training,24,0.1343201084201001,0.9553719008264463
1278,Training,24,0.13171853601241743,0.9554083885209714
1279,Training,24,0.13404710988066473,0.9558011049723761
1280,Training,24,0.13111611797311012,0.9560821484992108
1281,Training,24,0.13084602096268744,0.957399723374828
1282,Training,24,0.13290110332169655,0.956457564575647
1283,Training,24,0.13408410548545,0.9561461794019948
1284,Training,24,0.1361292419600613,0.9550855991943621
1285,Training,24,0.13510126165447142,0.9558633425669453
1286,Training,24,0.13348857603986244,0.9565217391304364
1287,Training,24,0.1328801741677551,0.9570863024544751
1288,Training,24,0.1342794553824843,0.9568366592756854
1289,Training,24,0.13664839331161333,0.9559251559251577
1290,Training,24,0.13747359188218872,0.9556425309849986
1291,Training,24,0.14008734420685584,0.9544054220579195
1292,Training,24,0.13993326354047672,0.9543490951546999
1293,Training,24,0.14079798337152713,0.95440931780366
1294,Training,24,0.1404515443850905,0.9545694664553601
1295,Training,24,0.14118110881371596,0.9539082198688827
1296,Training,24,0.14134674402851444,0.953690303907377
1297,Training,24,0.14245963073367882,0.9533980582524229
1298,Training,24,0.1415732310199428,0.9538393253439812
1299,Training,24,0.14211805527087745,0.9534784464361876
1300,Training,24,0.14275333308069318,0.9532264693793614
1301,Training,24,0.1423282567655289,0.9535473642489039
1302,Training,24,0.14214908632093742,0.9537696134710997
1303,Training,24,0.14306337472576477,0.953385127635953
1304,Training,24,0.1427831913991786,0.9534550662370136
1305,Training,24,0.14445036610939252,0.9527575442247581
1306,Training,24,0.14514327178005312,0.9524386141944081
1307,Training,24,0.14597760872271398,0.9519425399934618
1308,Training,24,0.14575983006347654,0.9521725340945041
1309,Training,24,0.1461112427436484,0.9522047486894761
1310,Training,24,0.14642610407788995,0.9518751875187437
1311,Validation,24,4.279455661773682,0.26666666666666666
1312,Validation,24,3.502348921515725,0.3636363636363637
1313,Validation,24,3.6860701697213307,0.33968253968253975
1314,Validation,24,3.475410665235212,0.367741935483871
1315,Validation,24,3.5174972574885297,0.3495934959349595
1316,Validation,24,3.6076251595628026,0.3346405228758171
1317,Validation,24,3.604394510144093,0.3278688524590163
1318,Validation,24,3.597209245386258,0.328638497652582
1319,Validation,24,3.5867634025620827,0.3300411522633742
1320,Validation,24,3.5684083791879506,0.3362637362637359
1321,Validation,24,3.5773112962741664,0.3346534653465343
1322,Validation,24,3.6165380391988666,0.33153153153153125
1323,Validation,24,3.5996373468194127,0.3333333333333332
1324,Validation,24,3.5893519397910314,0.3338422391857505
1325,Validation,24,3.5804264714531864,0.33398345153664294
1326,Training,25,0.05686187744140625,1.0
1327,Training,25,0.1261956048228087,0.9591397849462366
1328,Training,25,0.13562936928184305,0.9584699453551908
1329,Training,25,0.13181040040984915,0.9597069597069599
1330,Training,25,0.13441649995251628,0.9586776859504134
1331,Training,25,0.13393961944130084,0.9598233995584992
1332,Training,25,0.13297238930524713,0.9605893186003689
1333,Training,25,0.13187434830618977,0.96176935229068
1334,Training,25,0.1312501728302834,0.9618257261410798
1335,Training,25,0.12979795095747906,0.9628536285362864
1336,Training,25,0.13463136450421573,0.960354374307864
1337,Training,25,0.13175010900055353,0.9611278952668695
1338,Training,25,0.1325760451132571,0.9610341643582655
1339,Training,25,0.13199908905388677,0.9607843137254917
1340,Training,25,0.13068259792566086,0.9613618368962802
1341,Training,25,0.13217692535800113,0.9602365114560253
1342,Training,25,0.1324100476668338,0.9596673596673614
1343,Training,25,0.1327650187092372,0.9589041095890429
1344,Training,25,0.13230936891827974,0.9588416512630945
1345,Training,25,0.13253352107176794,0.9589025102159957
1346,Training,25,0.13259066150875487,0.9584026622296168
1347,Training,25,0.13334320739011993,0.9582673005810871
1348,Training,25,0.13413195234671257,0.957438224911748
1349,Training,25,0.13554919218744235,0.9566811384466929
1350,Training,25,0.13654061428422365,0.9559870550161781
1351,Training,25,0.13739193901394836,0.9554371948513054
1352,Training,25,0.13682983838923266,0.9558685446009343
1353,Training,25,0.13678333840680879,0.9558569667077629
1354,Training,25,0.13764474204188826,0.9547364248909966
1355,Training,25,0.13834643329629498,0.9543053960964342
1356,Training,25,0.13895314177198462,0.954199038105801
1357,Training,25,0.14011439528900463,0.9535266738274182
1358,Training,25,0.14180961325977862,0.9528269164065126
1359,Training,25,0.1411739968517128,0.9531113353514882
1360,Training,25,0.14116869705668073,0.9533790401566999
1361,Training,25,0.14037059121397452,0.9538217570567618
1362,Training,25,0.1417380062325631,0.9528214616096108
1363,Training,25,0.14143590984277554,0.9529552955295437
1364,Validation,25,2.531630516052246,0.4666666666666667
1365,Validation,25,3.327142975547097,0.3393939393939394
1366,Validation,25,3.5833205495561873,0.34603174603174597
1367,Validation,25,3.5347628593444824,0.36344086021505384
1368,Validation,25,3.5873108956871964,0.35121951219512204
1369,Validation,25,3.5694241991230085,0.3450980392156863
1370,Validation,25,3.6025023030453043,0.330054644808743
1371,Validation,25,3.5699709502744,0.3239436619718307
1372,Validation,25,3.5726571127220437,0.3283950617283948
1373,Validation,25,3.5458729411219503,0.3289377289377286
1374,Validation,25,3.5802656435730436,0.33267326732673236
1375,Validation,25,3.577156121666367,0.3327327327327325
1376,Validation,25,3.5714669434492254,0.333884297520661
1377,Validation,25,3.586890456330685,0.32875318066157766
1378,Validation,25,3.5845297439723995,0.32931442080378265
1379,Training,26,0.12421604245901108,0.9333333333333333
1380,Training,26,0.14475113598089065,0.9548387096774194
1381,Training,26,0.13734351776418138,0.959562841530054
1382,Training,26,0.13413432832029495,0.9597069597069595
1383,Training,26,0.13444209863885867,0.9586776859504134
1384,Training,26,0.1301328656541196,0.960264900662252
1385,Training,26,0.12950837853987243,0.9602209944751389
1386,Training,26,0.12923866966783434,0.960821484992102
1387,Training,26,0.13094306915720222,0.9587828492392819
1388,Training,26,0.13248171989988136,0.9576875768757701
1389,Training,26,0.13131810411922262,0.9583610188261366
1390,Training,26,0.13089147226159037,0.958509566968783
1391,Training,26,0.13212151521264764,0.9582640812557726
1392,Training,26,0.13318488126873132,0.9566922421142388
1393,Training,26,0.13422892265012953,0.9558194774346812
1394,Training,26,0.13480016638105632,0.9562453806356264
1395,Training,26,0.13606590643455418,0.9552321552321572
1396,Training,26,0.13601488524723485,0.9551206784083517
1397,Training,26,0.13640034292581837,0.9545286506469521
1398,Training,26,0.1368278732601612,0.9538820782253365
1399,Training,26,0.13695262889292545,0.9536328341652799
1400,Training,26,0.13762904304668613,0.9535129424194388
1401,Training,26,0.1376545323684541,0.9540090771558228
1402,Training,26,0.1376270196008376,0.9539797395079571
1403,Training,26,0.13781915134498424,0.9537679149329603
1404,Training,26,0.13741485587384467,0.9538393253439821
1405,Training,26,0.1372108103173204,0.9537345283824112
1406,Training,26,0.13800198088816923,0.9533908754623871
1407,Training,26,0.13778360379033686,0.9533888228299586
1408,Training,26,0.1380785597791953,0.9533103712208126
1409,Training,26,0.13795158352917855,0.9536071032186393
1410,Training,26,0.13772856836356262,0.9535266738274186
1411,Training,26,0.13792018160615485,0.9531044051335338
1412,Training,26,0.13908002789740334,0.9523713420787002
1413,Training,26,0.1386640679217094,0.9523343127652545
1414,Training,26,0.13922607761450628,0.9522993973992936
1415,Training,26,0.13922371485190438,0.9524514338575306
1416,Training,26,0.138816781590997,0.9525952595259439
1417,Validation,26,3.1599817276000977,0.3333333333333333
1418,Validation,26,3.628192728215998,0.3090909090909091
1419,Validation,26,3.571707634698777,0.3174603174603175
1420,Validation,26,3.5761163696166007,0.3311827956989248
1421,Validation,26,3.5977793379527765,0.33658536585365856
1422,Validation,26,3.587206003712673,0.3359477124183006
1423,Validation,26,3.5440950667271847,0.3442622950819671
1424,Validation,26,3.633120533446191,0.3352112676056336
1425,Validation,26,3.6148158385429854,0.3399176954732507
1426,Validation,26,3.6440507736834853,0.333333333333333
1427,Validation,26,3.6121531170193513,0.3392739273927389
1428,Validation,26,3.6178823011415497,0.33513513513513493
1429,Validation,26,3.620689331007398,0.33719008264462796
1430,Validation,26,3.6266775240424933,0.3333333333333332
1431,Validation,26,3.6142876790770404,0.3351063829787233
1432,Training,27,0.0810779482126236,0.9333333333333333
1433,Training,27,0.12751648106401967,0.956989247311828
1434,Training,27,0.11840794739298156,0.9639344262295076
1435,Training,27,0.11688270843536644,0.9626373626373624
1436,Training,27,0.12173883249013384,0.9614325068870524
1437,Training,27,0.12301582163384814,0.9598233995584993
1438,Training,27,0.12649519511019985,0.9587476979742179
1439,Training,27,0.12696714672785234,0.9582938388625601
1440,Training,27,0.13278147693398828,0.955739972337484
1441,Training,27,0.13488951662892126,0.9542435424354259
1442,Training,27,0.13199554465129426,0.95481727574751
1443,Training,27,0.13027343871719077,0.95609264853978
1444,Training,27,0.1306133966949714,0.956417359187444
1445,Training,27,0.13151850876019663,0.9561807331628321
1446,Training,27,0.13005820419550862,0.9567695961995267
1447,Training,27,0.13127392501324547,0.9566888396156707
1448,Training,27,0.1309558341604911,0.9568953568953588
1449,Training,27,0.1312930233167838,0.9568166992824546
1450,Training,27,0.13250679719518327,0.9563770794824415
1451,Training,27,0.13311890383363553,0.9559836544074722
1452,Training,27,0.1338397330819891,0.9556295063782574
1453,Training,27,0.13351188795626306,0.9556259904912815
1454,Training,27,0.1342335665942298,0.9554210791729673
1455,Training,27,0.13427933690026295,0.9550410033767444
1456,Training,27,0.13531120018271442,0.9546925566342994
1457,Training,27,0.13524771573644542,0.9548158011540117
1458,Training,27,0.1343646030598791,0.9553563807084874
1459,Training,27,0.13501784679366208,0.9550349362926362
1460,Training,27,0.13516695835427175,0.9547364248909955
1461,Training,27,0.13560733847409898,0.9546880979716723
1462,Training,27,0.13591703179950818,0.9543470218275909
1463,Training,27,0.13727089140572207,0.9533118510562035
1464,Training,27,0.13801582628894019,0.9531044051335327
1465,Training,27,0.13724314379971003,0.9533804238143198
1466,Training,27,0.1374307218802241,0.9530525628468726
1467,Training,27,0.13704429505451393,0.9533777354899999
1468,Training,27,0.1375833259581844,0.9530681467776649
1469,Training,27,0.1394276557118036,0.9519951995199423
1470,Validation,27,3.8641650676727295,0.4
1471,Validation,27,4.287033406170932,0.29696969696969694
1472,Validation,27,3.749079250154041,0.30476190476190473
1473,Validation,27,3.655949507990191,0.3182795698924732
1474,Validation,27,3.6502206383681877,0.3154471544715449
1475,Validation,27,3.6449479636024025,0.31895424836601327
1476,Validation,27,3.6680475844711555,0.31475409836065577
1477,Validation,27,3.6421811463127676,0.32394366197183094
1478,Validation,27,3.729996924047117,0.31851851851851837
1479,Validation,27,3.677468112536839,0.3223443223443221
1480,Validation,27,3.680635165460039,0.3234323432343231
1481,Validation,27,3.658659375465668,0.32492492492492464
1482,Validation,27,3.6157942576841875,0.3245179063360879
1483,Validation,27,3.618481778916512,0.32926208651399475
1484,Validation,27,3.5872359901455275,0.33209219858156014
1485,Training,28,0.23864279687404633,0.9333333333333333
1486,Training,28,0.11783813366726521,0.9655913978494625
1487,Training,28,0.1282514482125884,0.9606557377049174
1488,Training,28,0.12487835692917253,0.9611721611721608
1489,Training,28,0.12661598393431872,0.9581267217630853
1490,Training,28,0.1267646031195162,0.9593818984547464
1491,Training,28,0.12671555361571563,0.9583793738489877
1492,Training,28,0.12497813263422505,0.9592417061611382
1493,Training,28,0.12287383106115943,0.9607192254495168
1494,Training,28,0.12336999540839248,0.9611316113161141
1495,Training,28,0.12461831452219788,0.9605758582502779
1496,Training,28,0.12387673007577568,0.9601208459214514
1497,Training,28,0.12508194373502626,0.9597414589104353
1498,Training,28,0.12708083339168896,0.9577152600170519
1499,Training,28,0.1278468394019329,0.9570863024544751
1500,Training,28,0.1286799288592291,0.9566888396156706
1501,Training,28,0.128708212870694,0.9563409563409581
1502,Training,28,0.13031917185305733,0.9557729941291604
1503,Training,28,0.12943868041589388,0.9565003080714743
1504,Training,28,0.12943951515464566,0.9566841798015184
1505,Training,28,0.13128038647022106,0.9562950637825839
1506,Training,28,0.1329735864260826,0.9554146856840972
1507,Training,28,0.13240129136270457,0.9555219364599061
1508,Training,28,0.1327237466918965,0.9556198745779023
1509,Training,28,0.1325883242390771,0.9554322699953722
1510,Training,28,0.13340280216668401,0.9550821127385658
1511,Training,28,0.13323280946488722,0.9551856594110061
1512,Training,28,0.1336619994946458,0.9551171393341491
1513,Training,28,0.13489121513598457,0.9544193420531042
1514,Training,28,0.13650885057966006,0.9535399923459545
1515,Training,28,0.13606615238859174,0.9538290788013236
1516,Training,28,0.13519683313605033,0.9543143573218676
1517,Training,28,0.13505738785220978,0.9546305931321453
1518,Training,28,0.1348326325296273,0.9544567776656481
1519,Training,28,0.13580721134026183,0.9537708129284915
1520,Training,28,0.13578629108424078,0.9535680304471827
1521,Training,28,0.13650103854006854,0.9532531606537052
1522,Training,28,0.13660712760112825,0.9531953195319434
1523,Validation,28,3.6680562496185303,0.2
1524,Validation,28,3.591349796815352,0.3333333333333333
1525,Validation,28,3.6681732336680093,0.307936507936508
1526,Validation,28,3.80351601108428,0.28387096774193554
1527,Validation,28,3.7896353500645334,0.2959349593495936
1528,Validation,28,3.7620882193247476,0.29934640522875827
1529,Validation,28,3.7400377226657553,0.30273224043715846
1530,Validation,28,3.7039945293480243,0.30798122065727684
1531,Validation,28,3.695143796779491,0.3102880658436212
1532,Validation,28,3.652087057029808,0.314285714285714
1533,Validation,28,3.6314761520612358,0.31815181518151786
1534,Validation,28,3.661489602681753,0.3237237237237235
1535,Validation,28,3.621579109144605,0.32396694214876026
1536,Validation,28,3.5961194657187425,0.32824427480916024
1537,Validation,28,3.5947717614207706,0.3289007092198581
1538,Training,29,0.13061641156673431,0.9333333333333333
1539,Training,29,0.12893587416939198,0.9483870967741936
1540,Training,29,0.14488444245252452,0.9431693989071035
1541,Training,29,0.14328620292164468,0.9479853479853476
1542,Training,29,0.13993052824223337,0.949862258953168
1543,Training,29,0.1368172016882936,0.9509933774834438
1544,Training,29,0.13466640352914677,0.951749539594844
1545,Training,29,0.1355320681239615,0.9516587677725127
1546,Training,29,0.13531454661049536,0.9521438450899042
1547,Training,29,0.1343030533873617,0.952767527675278
1548,Training,29,0.13711086576464168,0.9510520487264688
1549,Training,29,0.13685045436339796,0.9508559919436068
1550,Training,29,0.13607721120490593,0.9514312096029565
1551,Training,29,0.13571458610246326,0.95140664961637
1552,Training,29,0.1337844849256644,0.9526524148851957
1553,Training,29,0.1340473772103004,0.9525498891352568
1554,Training,29,0.13486225709412053,0.9520443520443539
1555,Training,29,0.1323731361383503,0.9538160469667337
1556,Training,29,0.13286937548401948,0.953419593345658
1557,Training,29,0.13214234301849756,0.9537653239929954
1558,Training,29,0.13148730696363378,0.9541874653355513
1559,Training,29,0.13283005629543645,0.9535129424194388
1560,Training,29,0.13362282108791657,0.9530005042864323
1561,Training,29,0.13405811323281566,0.9525325615050619
1562,Training,29,0.13333555376325087,0.9530282015718871
1563,Training,29,0.13386018697876786,0.9525077674212117
1564,Training,29,0.13383037326130037,0.9524541186512968
1565,Training,29,0.13275370351010163,0.9531442663378492
1566,Training,29,0.13197521862377912,0.9533888228299585
1567,Training,29,0.13256010221665987,0.953080750095669
1568,Training,29,0.13285190569181057,0.9526452090269999
1569,Training,29,0.1340385980886096,0.9522377372001355
1570,Training,29,0.1343560249503008,0.9519944502254511
1571,Training,29,0.13335966783943168,0.9525058863101157
1572,Training,29,0.1342508730147468,0.952203721841323
1573,Training,29,0.1341632570686806,0.9522993973992928
1574,Training,29,0.13337713827970923,0.9525131051495435
1575,Training,29,0.13422892988482565,0.9521152115211429
1576,Validation,29,4.847185134887695,0.2
1577,Validation,29,3.7119564576582476,0.26666666666666666
1578,Validation,29,3.4785363730930148,0.33015873015873015
1579,Validation,29,3.552753552313774,0.3311827956989248
1580,Validation,29,3.6686411340062213,0.32195121951219513
1581,Validation,29,3.6344388863619637,0.31764705882352945
1582,Validation,29,3.610854483041607,0.31912568306010913
1583,Validation,29,3.6021781891164646,0.3220657276995303
1584,Validation,29,3.5619121995973,0.3267489711934153
1585,Validation,29,3.554373257762783,0.3311355311355308
1586,Validation,29,3.5583567997016528,0.32871287128712834
1587,Validation,29,3.5815142189060247,0.3273273273273271
1588,Validation,29,3.6404724593990103,0.3223140495867767
1589,Validation,29,3.6371683947002613,0.3216284987277353
1590,Validation,29,3.6070087463297744,0.32653664302600466
1591,Test,29,2.269037961959839,0.4666666666666667
1592,Test,29,3.364362597465515,0.3666666666666667
1593,Test,29,3.7103911963376133,0.35151515151515156
1594,Test,29,3.897178128361702,0.3291666666666667
1595,Test,29,3.880287908372425,0.32063492063492066
1596,Test,29,3.84116386450254,0.3205128205128206
1597,Test,29,3.79001126750823,0.3204301075268818
1598,Test,29,3.8562609288427563,0.31481481481481494
1599,Test,29,3.783790754108894,0.3219512195121953
1600,Test,29,3.8012640761292498,0.3217391304347828
1601,Test,29,3.786234654632269,0.33071895424836617
1602,Test,29,3.7838943217481886,0.3297619047619048
1603,Test,29,3.73245554283017,0.3355191256830601
1604,Test,29,3.7283247384158047,0.3333333333333332
1605,Test,29,3.7598503676938337,0.32769953051643175
1606,Test,29,3.713788534465589,0.3315789473684208
1607,Test,29,3.6730814774831138,0.3349794238683124
1608,Test,29,3.675270288489586,0.33100775193798415
1609,Test,29,3.672172120639256,0.3340659340659337
1610,Test,29,3.6538978355626264,0.33749999999999963
1611,Test,29,3.6553343935768203,0.33465346534653434
1612,Test,29,3.6107343986349285,0.34088050314465373
1613,Test,29,3.5943293302982777,0.3417417417417414
1614,Test,29,3.6217864926519066,0.33908045977011464
1615,Test,29,3.62809799032763,0.33884297520661133
1616,Test,29,3.6105103691418967,0.34232804232804215
1617,Test,29,3.6148378566931223,0.3419847328244274
1618,Test,29,3.5935485266587315,0.34460784313725473
1619,Test,29,3.5887173245139157,0.34734042553191474
